{
	"ambient": {
		"x": 0.10000000149011612,
		"y": 0.10000000149011612,
		"z": 0.10000000149011612
	},
	"default_material": "null",
	"lights": [
		{
			"color": {
				"x": 1.0,
				"y": 1.0,
				"z": 1.0
			},
			"position": {
				"x": 0.0,
				"y": 1.0,
				"z": 3.0
			},
			"range": 100.0
		}
	],
	"main_camera": "742809ff-cb5b-3e47-905c-3335290ad4d8",
	"objects": [
		{
			"children": [],
			"components": {
				"Gameplay::Camera": {
					"clear_color": {
						"w": -431602080.0,
						"x": -431602080.0,
						"y": -431602080.0,
						"z": -431602080.0
					},
					"enabled": true,
					"far_plane": 1000.0,
					"fov_radians": 1.5707963705062866,
					"guid": "742809ff-cb5b-3e47-905c-3335290ad4d8",
					"near_plane": 0.10000000149011612,
					"ortho_enabled": false,
					"ortho_size": 10.0
				},
				"SimpleCameraControl": {
					"enabled": true,
					"guid": "bb4fd0a2-0777-5a47-8deb-2b6ad10d9f6a",
					"mouse_sensitivity": {
						"x": 0.5,
						"y": 0.30000001192092896
					},
					"move_speed": {
						"x": 1.0,
						"y": 1.0,
						"z": 1.0
					},
					"shift_mult": 2.0
				}
			},
			"guid": "bdab7b5b-8335-d440-a7da-8728b151e5c0",
			"hide_in_inspector": false,
			"name": "Main Camera",
			"parent": "null",
			"position": {
				"x": -3.809999942779541,
				"y": 0.09000000357627869,
				"z": 6.25
			},
			"rotation": {
				"w": 0.5844963788986206,
				"x": 0.387157142162323,
				"y": -0.3937748074531555,
				"z": -0.5944870114326477
			},
			"scale": {
				"x": 1.0,
				"y": 1.0,
				"z": 1.0
			}
		},
		{
			"children": [],
			"components": {
				"Gameplay::Physics::RigidBody": {
					"angular_damping": 0.004999999888241291,
					"colliders": [
						{
							"extents": {
								"x": 50.0,
								"y": 50.0,
								"z": 1.0
							},
							"guid": "8f6133e7-9135-9d43-ae31-98dc2b439e47",
							"position": {
								"x": 0.0,
								"y": 0.0,
								"z": -1.0
							},
							"rotation": {
								"x": 0.0,
								"y": 0.0,
								"z": 0.0
							},
							"scale": {
								"x": 1.0,
								"y": 1.0,
								"z": 1.0
							},
							"type": "Box"
						}
					],
					"enabled": true,
					"group": 1,
					"guid": "b35206ab-908f-704a-ab20-8ed5d38cb387",
					"linear_damping": 0.0,
					"mask": -1,
					"mass": 1.0,
					"type": "Static"
				},
				"RenderComponent": {
					"enabled": true,
					"guid": "383a189a-bef0-cf4a-8603-f89eaea4790b",
					"material": "33601477-56c9-ad4c-ac8f-3c97a7c83169",
					"mesh": "4360028f-b577-bf4f-82a5-0be03b150463"
				}
			},
			"guid": "3efde04c-2b7f-b540-813e-f34ff9fee24a",
			"hide_in_inspector": false,
			"name": "Plane",
			"parent": "null",
			"position": {
				"x": 0.0,
				"y": 0.0,
				"z": 0.0
			},
			"rotation": {
				"w": 1.0,
				"x": 0.0,
				"y": 0.0,
				"z": 0.0
			},
			"scale": {
				"x": 1.0,
				"y": 1.0,
				"z": 1.0
			}
		},
		{
			"children": [],
			"components": null,
			"guid": "6e5944c5-45fb-774a-8a77-a4027c13f487",
			"hide_in_inspector": false,
			"name": "Demo Parent",
			"parent": "null",
			"position": {
				"x": 0.0,
				"y": 0.0,
				"z": 0.0
			},
			"rotation": {
				"w": 1.0,
				"x": 0.0,
				"y": 0.0,
				"z": 0.0
			},
			"scale": {
				"x": 1.0,
				"y": 1.0,
				"z": 1.0
			}
		},
		{
			"children": [
				{
					"children": [],
					"components": {
						"JumpBehaviour": {
							"enabled": true,
							"guid": "6a0f2042-2b12-0748-aaef-eac6387f95cb",
							"impulse": 10.0
						},
						"RenderComponent": {
							"enabled": true,
							"guid": "c397f553-f08e-2144-9ac9-f42515a35f80",
							"material": "94008af9-a951-9845-9ba6-4014a55d7193",
							"mesh": "8c980f14-299e-3d4f-92d4-cb4326d00856"
						},
						"RotatingBehaviour": {
							"enabled": true,
							"guid": "efd1c328-b48e-f845-b8df-4febf2f4d3da",
							"speed": {
								"x": 90.0,
								"y": 0.0,
								"z": 0.0
							}
						},
						"TestComponent": {
							"enabled": true,
							"guid": "f76cb8f9-c6ac-184e-9ff8-e673a1ad7f91",
							"test": 10.0
						}
					},
					"guid": "c7b18cd1-7f8c-f843-9c00-55fed741a9ce",
					"hide_in_inspector": false,
					"name": "King Monkey",
					"parent": "61a5d518-c8a6-ac4e-97b2-20e846b38efd",
					"position": {
						"x": 1.5,
						"y": 0.0,
						"z": 4.0
					},
					"rotation": {
						"w": 1.0,
						"x": 0.0,
						"y": 0.0,
						"z": 0.0
					},
					"scale": {
						"x": 1.0,
						"y": 1.0,
						"z": 1.0
					}
				},
				{
					"children": [],
					"components": {
						"RenderComponent": {
							"enabled": true,
							"guid": "a4a852f5-4460-9e4c-a79e-cbcf8fa7364c",
							"material": "1241a106-c73b-fe44-a1f1-c1c8bf18aa1f",
							"mesh": "68abf4f2-1ce4-5248-93f3-e43cebcf16a0"
						},
						"RotatingBehaviour": {
							"enabled": true,
							"guid": "75a673a1-fde6-8d46-aebb-a02d21276687",
							"speed": {
								"x": 0.0,
								"y": 0.0,
								"z": 90.0
							}
						},
						"TestComponent": {
							"enabled": true,
							"guid": "4aed6c35-ccab-df45-bbab-77d46a999e94",
							"test": 10.0
						}
					},
					"guid": "b8b5c860-fa0b-334c-8e74-6130f25b4a97",
					"hide_in_inspector": false,
					"name": "Left Pillar",
					"parent": "61a5d518-c8a6-ac4e-97b2-20e846b38efd",
					"position": {
						"x": 1.5,
						"y": 2.700000047683716,
						"z": 4.0
					},
					"rotation": {
						"w": 1.0,
						"x": 0.0,
						"y": 0.0,
						"z": 0.0
					},
					"scale": {
						"x": 1.0,
						"y": 1.0,
						"z": 1.0
					}
				},
				{
					"children": [],
					"components": {
						"RenderComponent": {
							"enabled": true,
							"guid": "d3d32433-6b03-f240-ab37-badc262f0cdc",
							"material": "1241a106-c73b-fe44-a1f1-c1c8bf18aa1f",
							"mesh": "ad316ffe-6988-f141-8de6-4791ae1f5511"
						},
						"RotatingBehaviour": {
							"enabled": true,
							"guid": "dd3e9146-0a4c-0041-a269-b34c0c067916",
							"speed": {
								"x": 0.0,
								"y": 0.0,
								"z": 90.0
							}
						},
						"TestComponent": {
							"enabled": true,
							"guid": "7deba83f-4778-b54e-ba10-85873108e92b",
							"test": 10.0
						}
					},
					"guid": "3d43b7c9-0a33-9a45-8903-c162b78d0853",
					"hide_in_inspector": false,
					"name": "Right Pillar",
					"parent": "61a5d518-c8a6-ac4e-97b2-20e846b38efd",
					"position": {
						"x": 1.5,
						"y": -2.700000047683716,
						"z": 4.0
					},
					"rotation": {
						"w": 1.0,
						"x": 0.0,
						"y": 0.0,
						"z": 0.0
					},
					"scale": {
						"x": 1.0,
						"y": 1.0,
						"z": 1.0
					}
				},
				{
					"children": [],
					"components": {
						"RenderComponent": {
							"enabled": true,
							"guid": "276a84ed-3e34-ef4f-ad29-abe53b82481e",
							"material": "22709566-dcd3-0c4c-9ef7-3f3a0b0ecb0b",
							"mesh": "faa596b7-a418-c547-ac10-8e839ccb62ec"
						},
						"RotatingBehaviour": {
							"enabled": true,
							"guid": "e3ba808f-ef30-6e41-ae25-ac38b18f0ef3",
							"speed": {
								"x": 0.0,
								"y": 0.0,
								"z": -90.0
							}
						},
						"TestComponent": {
							"enabled": true,
							"guid": "bdc27eab-b9ad-5241-92ca-d5b166856626",
							"test": 10.0
						}
					},
					"guid": "e7afad48-71a7-5441-a4b0-84dce02abdba",
					"hide_in_inspector": false,
					"name": "Left Flame",
					"parent": "61a5d518-c8a6-ac4e-97b2-20e846b38efd",
					"position": {
						"x": 1.5,
						"y": 2.700000047683716,
						"z": 5.0
					},
					"rotation": {
						"w": 1.0,
						"x": 0.0,
						"y": 0.0,
						"z": 0.0
					},
					"scale": {
						"x": 0.4000000059604645,
						"y": 0.4000000059604645,
						"z": 0.4000000059604645
					}
				},
				{
					"children": [],